<code_scheme name="Default" version="173">
  <option name="AUTODETECT_INDENTS" value="false" />
  <option name="RIGHT_MARGIN" value="160" />
  <option name="WRAP_WHEN_TYPING_REACHES_RIGHT_MARGIN" value="true" />
  <DBN-PSQL>
    <case-options enabled="true">
      <option name="KEYWORD_CASE" value="lower" />
      <option name="FUNCTION_CASE" value="lower" />
      <option name="PARAMETER_CASE" value="lower" />
      <option name="DATATYPE_CASE" value="lower" />
      <option name="OBJECT_CASE" value="preserve" />
    </case-options>
    <formatting-settings enabled="false" />
  </DBN-PSQL>
  <DBN-SQL>
    <case-options enabled="true">
      <option name="KEYWORD_CASE" value="lower" />
      <option name="FUNCTION_CASE" value="lower" />
      <option name="PARAMETER_CASE" value="lower" />
      <option name="DATATYPE_CASE" value="lower" />
      <option name="OBJECT_CASE" value="preserve" />
    </case-options>
    <formatting-settings enabled="false">
      <option name="STATEMENT_SPACING" value="one_line" />
      <option name="CLAUSE_CHOP_DOWN" value="chop_down_if_statement_long" />
      <option name="ITERATION_ELEMENTS_WRAPPING" value="chop_down_if_not_single" />
    </formatting-settings>
  </DBN-SQL>
  <SqlCodeStyleSettings version="7">
    <option name="INDEX_NAME_TEMPLATE" value="{table}_{columns}_{unique?u:}i" />
  </SqlCodeStyleSettings>
  <TypeScriptCodeStyleSettings version="0">
    <option name="USE_SEMICOLON_AFTER_STATEMENT" value="false" />
    <option name="USE_DOUBLE_QUOTES" value="false" />
  </TypeScriptCodeStyleSettings>
</code_scheme>