<application>
  <component name="FileTypeManager" version="19">
    <ignoreFiles list="*.pyc;*.pyo;*.rbc;*.yarb;.DS_Store;.git;.hg;.mypy_cache;.pytest_cache;.ruff_cache;.svn;CVS;__pycache__;_svn;vssver.scc;vssver2.scc" />
    <extensionMap>
      <mapping ext="plantuml" type="PlantUML file" />
      <removed_mapping ext="csv" approved="true" type="CSV/TSV" />
      <removed_mapping ext="ddl" approved="true" type="DBN-SQL" />
      <removed_mapping ext="fnc" approved="true" type="SQL" />
      <removed_mapping ext="inputactions" approved="true" type="InputActions" />
      <removed_mapping ext="log" approved="true" type="PLAIN_TEXT" />
      <removed_mapping ext="pkb" approved="true" type="SQL" />
      <removed_mapping ext="pks" approved="true" type="SQL" />
      <removed_mapping ext="prc" approved="true" type="SQL" />
      <removed_mapping ext="sql" approved="true" type="DBN-SQL" />
      <removed_mapping ext="tpb" approved="true" type="SQL" />
      <removed_mapping ext="tps" approved="true" type="SQL" />
      <removed_mapping ext="tps" approved="true" type="XML" />
      <removed_mapping ext="trg" approved="true" type="SQL" />
      <removed_mapping ext="tsv" approved="true" type="CSV/TSV" />
      <removed_mapping ext="vw" approved="true" type="SQL" />
    </extensionMap>
  </component>
</application>