<application>
  <component name="ProjectManager">
    <defaultProject>
      <component name="Encoding" addBOMForNewFiles="with BOM under Windows, with no BOM otherwise" />
      <component name="KubernetesApiProvider">{}</component>
      <component name="MetaFilesCheckinStateConfiguration" checkMetaFiles="true" />
      <component name="PropertiesComponent">{
  &quot;keyToString&quot;: {
    &quot;settings.editor.selected.configurable&quot;: &quot;preferences.pluginManager&quot;
  }
}</component>
      <component name="UnityCheckinConfiguration" checkUnsavedScenes="true" />
      <component name="WindowStateProjectService">
        <state x="958" y="385" key="#com.intellij.ide.actions.ChooseComponentsToExportDialog.ideScale=125" timestamp="1755239869208">
          <screen x="0" y="0" width="2560" height="1392" />
        </state>
        <state x="958" y="385" key="#com.intellij.ide.actions.ChooseComponentsToExportDialog.ideScale=125/2560.0.2560.1392/0.0.2560.1392" timestamp="1755239869208" />
        <state x="592" y="586" width="862" height="589" key="Edit.Local constants" timestamp="1757811914974">
          <screen x="0" y="0" width="2560" height="1392" />
        </state>
        <state x="592" y="586" width="862" height="589" key="Edit.Local constants/2560.0.2560.1392/0.0.2560.1392" timestamp="1757811914974" />
        <state x="592" y="582" width="862" height="589" key="Edit.Static fields (private)" timestamp="1757811994926">
          <screen x="0" y="0" width="2560" height="1392" />
        </state>
        <state x="592" y="582" width="862" height="589" key="Edit.Static fields (private)/2560.0.2560.1392/0.0.2560.1392" timestamp="1757811994926" />
        <state x="710" y="168" key="Rider.NewProjectDialog.Size.ideScale=125" timestamp="1755104131041">
          <screen x="0" y="0" width="2560" height="1392" />
        </state>
        <state x="710" y="168" key="Rider.NewProjectDialog.Size.ideScale=125/2560.0.2560.1392/0.0.2560.1392" timestamp="1755104131041" />
        <state x="871" y="490" width="1145" height="728" key="SettingsEditor" timestamp="1757819195117">
          <screen x="0" y="0" width="2560" height="1392" />
        </state>
        <state x="513" y="255" key="SettingsEditor.ideScale=125" timestamp="1755240174310">
          <screen x="0" y="0" width="2560" height="1392" />
        </state>
        <state x="513" y="255" key="SettingsEditor.ideScale=125/2560.0.2560.1392/0.0.2560.1392" timestamp="1755240174310" />
        <state x="871" y="490" width="1145" height="728" key="SettingsEditor/2560.0.2560.1392/0.0.2560.1392" timestamp="1757819195117" />
      </component>
      <component name="masterDetails">
        <states>
          <state key="ScopeChooserConfigurable.UI">
            <settings>
              <splitter-proportions>
                <option name="proportions">
                  <list>
                    <option value="0.2" />
                  </list>
                </option>
              </splitter-proportions>
            </settings>
          </state>
        </states>
      </component>
    </defaultProject>
  </component>
</application>