<application>
  <component name="ProjectManager">
    <defaultProject>
      <component name="Encoding" addBOMForNewFiles="with BOM under Windows, with no BOM otherwise" />
      <component name="KubernetesApiProvider">{}</component>
      <component name="MetaFilesCheckinStateConfiguration" checkMetaFiles="true" />
      <component name="PropertiesComponent"><![CDATA[{
  "keyToString": {
    "settings.editor.selected.configurable": "settings.sync"
  }
}]]></component>
      <component name="UnityCheckinConfiguration" checkUnsavedScenes="true" />
      <component name="VcsDirectoryMappings" defaultProject="true" />
      <component name="WindowStateProjectService">
        <state x="958" y="385" key="#com.intellij.ide.actions.ChooseComponentsToExportDialog.ideScale=125" timestamp="1755239869208">
          <screen x="0" y="0" width="2560" height="1392" />
        </state>
        <state x="958" y="385" key="#com.intellij.ide.actions.ChooseComponentsToExportDialog.ideScale=125/2560.0.2560.1392/0.0.2560.1392" timestamp="1755239869208" />
        <state x="710" y="168" key="Rider.NewProjectDialog.Size.ideScale=125" timestamp="1755104131041">
          <screen x="0" y="0" width="2560" height="1392" />
        </state>
        <state x="710" y="168" key="Rider.NewProjectDialog.Size.ideScale=125/2560.0.2560.1392/0.0.2560.1392" timestamp="1755104131041" />
        <state x="513" y="255" key="SettingsEditor.ideScale=125" timestamp="1755239887843">
          <screen x="0" y="0" width="2560" height="1392" />
        </state>
        <state x="513" y="255" key="SettingsEditor.ideScale=125/2560.0.2560.1392/0.0.2560.1392" timestamp="1755239887843" />
      </component>
      <component name="masterDetails">
        <states>
          <state key="ScopeChooserConfigurable.UI">
            <settings>
              <splitter-proportions>
                <option name="proportions">
                  <list>
                    <option value="0.2" />
                  </list>
                </option>
              </splitter-proportions>
            </settings>
          </state>
        </states>
      </component>
    </defaultProject>
  </component>
</application>