<application>
  <component name="RainbowSettings">
    <option name="enableRainbowAngleBrackets" value="false" />
    <option name="enableRainbowSquareBrackets" value="false" />
    <option name="indentGuidesOptions" value="Only selected indent guide" />
    <option name="rainbowEnabled" value="false" />
    <option name="rainbowifyTagNameInXML" value="true" />
    <option name="suppressBigFileCheck" value="true" />
    <option name="suppressDisabledCheck" value="true" />
    <option name="version" value="2025.3.5" />
  </component>
</application>