<application>
  <component name="SonarLintGlobalSettings">
    <option name="nodejsPath" value="C:\nvm4w\nodejs\node.exe" />
    <option name="rulesByKey">
      <map>
        <entry key="csharpsquid:S103">
          <value>
            <Rule key="csharpsquid:S103" />
          </value>
        </entry>
        <entry key="csharpsquid:S1109">
          <value>
            <Rule key="csharpsquid:S1109" />
          </value>
        </entry>
        <entry key="csharpsquid:S1128">
          <value>
            <Rule key="csharpsquid:S1128" />
          </value>
        </entry>
        <entry key="csharpsquid:S122">
          <value>
            <Rule key="csharpsquid:S122" />
          </value>
        </entry>
        <entry key="csharpsquid:S134">
          <value>
            <Rule key="csharpsquid:S134" />
          </value>
        </entry>
        <entry key="csharpsquid:S1821">
          <value>
            <Rule key="csharpsquid:S1821" />
          </value>
        </entry>
        <entry key="csharpsquid:S1858">
          <value>
            <Rule key="csharpsquid:S1858" />
          </value>
        </entry>
        <entry key="csharpsquid:S2156">
          <value>
            <Rule key="csharpsquid:S2156" />
          </value>
        </entry>
        <entry key="csharpsquid:S2302">
          <value>
            <Rule key="csharpsquid:S2302" />
          </value>
        </entry>
        <entry key="csharpsquid:S2931">
          <value>
            <Rule key="csharpsquid:S2931" />
          </value>
        </entry>
        <entry key="csharpsquid:S3052">
          <value>
            <Rule key="csharpsquid:S3052" />
          </value>
        </entry>
        <entry key="csharpsquid:S3240">
          <value>
            <Rule key="csharpsquid:S3240" />
          </value>
        </entry>
        <entry key="csharpsquid:S3874">
          <value>
            <Rule key="csharpsquid:S3874" />
          </value>
        </entry>
        <entry key="csharpsquid:S3937">
          <value>
            <Rule key="csharpsquid:S3937" />
          </value>
        </entry>
        <entry key="csharpsquid:S6513">
          <value>
            <Rule key="csharpsquid:S6513" />
          </value>
        </entry>
      </map>
    </option>
    <rules>
      <Rule key="csharpsquid:S1858" />
      <Rule key="csharpsquid:S1109" />
      <Rule key="csharpsquid:S122" />
      <Rule key="csharpsquid:S1128" />
      <Rule key="csharpsquid:S1821" />
      <Rule key="csharpsquid:S134" />
      <Rule key="csharpsquid:S3052" />
      <Rule key="csharpsquid:S3240" />
      <Rule key="csharpsquid:S2156" />
      <Rule key="csharpsquid:S6513" />
      <Rule key="csharpsquid:S3874" />
      <Rule key="csharpsquid:S2302" />
      <Rule key="csharpsquid:S103" />
      <Rule key="csharpsquid:S2931" />
      <Rule key="csharpsquid:S3937" />
    </rules>
  </component>
</application>