<application>
  <component name="StringManipulationState">
    <option name="customActionModels">
      <list>
        <CustomActionModel>
          <option name="id" value="StringManipulation.SwitchStyleAction" />
          <option name="name" value="Switch case" />
          <option name="steps">
            <list>
              <Step>
                <option name="enabled" value="false" />
                <option name="style" value="_UNKNOWN" />
              </Step>
              <Step>
                <option name="style" value="CAMEL_CASE" />
              </Step>
              <Step>
                <option name="style" value="KEBAB_LOWERCASE" />
              </Step>
              <Step>
                <option name="enabled" value="false" />
                <option name="style" value="KEBAB_UPPERCASE" />
              </Step>
              <Step>
                <option name="style" value="SNAKE_CASE" />
              </Step>
              <Step>
                <option name="enabled" value="false" />
                <option name="style" value="CAPITALIZED_SNAKE_CASE" />
              </Step>
              <Step>
                <option name="enabled" value="false" />
                <option name="style" value="_SINGLE_WORD_CAPITALIZED" />
              </Step>
              <Step>
                <option name="enabled" value="false" />
                <option name="style" value="SCREAMING_SNAKE_CASE" />
              </Step>
              <Step>
                <option name="style" value="DOT" />
              </Step>
              <Step>
                <option name="enabled" value="false" />
                <option name="style" value="_ALL_UPPER_CASE" />
              </Step>
              <Step>
                <option name="style" value="WORD_LOWERCASE" />
              </Step>
              <Step>
                <option name="style" value="SENTENCE_CASE" />
              </Step>
              <Step>
                <option name="style" value="WORD_CAPITALIZED" />
              </Step>
              <Step>
                <option name="style" value="PASCAL_CASE" />
              </Step>
            </list>
          </option>
        </CustomActionModel>
      </list>
    </option>
    <option name="lastActionModel">
      <UniversalActionModel>
        <option name="actionClassName" value="osmedile.intellij.stringmanip.sort.tokens.SortTokensAction" />
        <option name="description" value="Sort delimited text" />
        <option name="textWithMnemonic" value="Sort Tokens..." />
      </UniversalActionModel>
    </option>
    <option name="sortSettingsMap">
      <map>
        <entry key="SortAction">
          <value>
            <SortSettings>
              <option name="ignoreLeadingCharacters" value="" />
            </SortSettings>
          </value>
        </entry>
      </map>
    </option>
    <option name="sortTokensModel">
      <SortTokensModel>
        <option name="separators">
          <list>
            <option value=";" />
          </list>
        </option>
      </SortTokensModel>
    </option>
  </component>
</application>