<application>
  <component name="Trusted.Paths">
    <option name="TRUSTED_PROJECT_PATHS">
      <map>
        <entry key="D:\src\hobby\EnumRoutes" value="true" />
        <entry key="D:\src\hobby\EnumRoutes\.idea\.idea.EnumRoutes" value="true" />
        <entry key="D:\src\work\negm\gm.web\infrastructure\GM.Migrate\src" value="true" />
        <entry key="D:\src\work\negm\gm.web\infrastructure\GM.Migrate\src\.idea\.idea.migrate" value="true" />
        <entry key="D:\src\work\negm\gm.web\src\GM.Services\GM.BFF" value="true" />
        <entry key="D:\src\work\negm\gm.web\src\GM.Services\GM.BFF\.idea\.idea.GM.BFF" value="true" />
        <entry key="D:\src\work\negm\gm.web\src\GM.Services\GM.GeoFileImport" value="true" />
        <entry key="D:\src\work\negm\gm.web\src\GM.Services\GM.GeoFileImport\.idea\.idea.GM.GeoFileImport" value="true" />
        <entry key="D:\src\work\negm\gm.web\src\GM.Services\GM.GeoImport" value="true" />
        <entry key="D:\src\work\negm\gm.web\src\GM.Services\GM.GeoImport\.idea\.idea.GM.GeoImport" value="true" />
        <entry key="D:\src\work\negm\gm.web\src\GM.Services\GM.Geology" value="true" />
        <entry key="D:\src\work\negm\gm.web\src\GM.Services\GM.Geology\.idea\.idea.GM.Geology" value="true" />
        <entry key="D:\src\work\negm\gm.web\src\GM.Services\GM.Geology\src\Interpretation\Interpretation.Core.Domain" value="true" />
        <entry key="D:\src\work\negm\gm.web\src\GM.Services\GM.Geology\src\Interpretation\Interpretation.Core.Domain\.idea\.idea.Interpretation.Core.dir" value="true" />
        <entry key="D:\src\work\negm\gm.web\src\GM.Services\GM.GltfConverter" value="true" />
        <entry key="D:\src\work\negm\gm.web\src\GM.Services\GM.GltfConverter\.idea\.idea.GM.GltfConverter" value="true" />
        <entry key="D:\src\work\negm\gm.web\src\GM.Services\GM.KsuSync" value="true" />
        <entry key="D:\src\work\negm\gm.web\src\GM.Services\GM.KsuSync\.idea\.idea.GM.KsuSync" value="true" />
        <entry key="D:\src\work\negm\gm.web\src\GM.Services\GM.MLCalcAdapter" value="true" />
        <entry key="D:\src\work\negm\gm.web\src\GM.Services\GM.MLCalcAdapter\.idea\.idea.GM.MLCalcAdapter" value="true" />
        <entry key="D:\src\work\negm\gm.web\src\GM.Services\GM.ObjectTree" value="true" />
        <entry key="D:\src\work\negm\gm.web\src\GM.Services\GM.ObjectTree\.idea\.idea.GM.ObjectTree" value="true" />
        <entry key="D:\src\work\negm\gm.web\src\GM.Services\GM.SeismicImport" value="true" />
        <entry key="D:\src\work\negm\gm.web\src\GM.Services\GM.SeismicImport\.idea\.idea.GM.SeismicImport" value="true" />
        <entry key="D:\src\work\negm\nedra.licensing\source" value="true" />
        <entry key="D:\src\work\negm\nedra.licensing\source\.idea\.idea.Nedra.Licensing" value="true" />
      </map>
    </option>
  </component>
</application>