<application>
  <component name="Trusted.Paths">
    <option name="TRUSTED_PROJECT_PATHS">
      <map>
        <entry key="D:\src\work\negm\gm.web\src\GM.Services\GM.Geology" value="true" />
        <entry key="D:\src\work\negm\gm.web\src\GM.Services\GM.Geology\.idea\.idea.GM.Geology" value="true" />
        <entry key="D:\src\work\negm\gm.web\src\GM.Services\GM.ObjectTree" value="true" />
        <entry key="D:\src\work\negm\gm.web\src\GM.Services\GM.SeismicImport" value="true" />
      </map>
    </option>
  </component>
</application>