<application>
  <component name="DimensionService">
    <location key="find.popup.0.0.2560.1440@120dpi" x="743" y="93" />
    <location key="find.popup.0.0.2560.1440" x="978" y="127" />
    <size key="find.popup.0.0.2560.1440@120dpi" width="1071" height="1221" />
    <size key="GridCell.Tab.0.left.0.0.2560.1440@120dpi" width="2458" height="408" />
    <size key="GridCell.Tab.0.center.0.0.2560.1440@120dpi" width="2458" height="408" />
    <size key="GridCell.Tab.0.right.0.0.2560.1440@120dpi" width="2458" height="408" />
    <size key="GridCell.Tab.0.bottom.0.0.2560.1440@120dpi" width="2458" height="408" />
    <size key="GridCell.Tab.1.left.0.0.2560.1440@120dpi" width="2458" height="408" />
    <size key="GridCell.Tab.1.center.0.0.2560.1440@120dpi" width="2458" height="408" />
    <size key="GridCell.Tab.1.right.0.0.2560.1440@120dpi" width="2458" height="408" />
    <size key="GridCell.Tab.1.bottom.0.0.2560.1440@120dpi" width="2458" height="408" />
    <size key="GridCell.Tab.2.left.0.0.2560.1440@120dpi" width="2458" height="408" />
    <size key="GridCell.Tab.2.center.0.0.2560.1440@120dpi" width="2458" height="408" />
    <size key="GridCell.Tab.2.right.0.0.2560.1440@120dpi" width="2458" height="408" />
    <size key="GridCell.Tab.2.bottom.0.0.2560.1440@120dpi" width="2458" height="408" />
    <size key="GridCell.Tab.3.left.0.0.2560.1440@120dpi" width="2458" height="408" />
    <size key="GridCell.Tab.3.center.0.0.2560.1440@120dpi" width="2458" height="408" />
    <size key="GridCell.Tab.3.right.0.0.2560.1440@120dpi" width="2458" height="408" />
    <size key="GridCell.Tab.3.bottom.0.0.2560.1440@120dpi" width="2458" height="408" />
    <size key="GridCell.Tab.4.left.0.0.2560.1440@120dpi" width="2458" height="408" />
    <size key="GridCell.Tab.4.center.0.0.2560.1440@120dpi" width="2458" height="408" />
    <size key="GridCell.Tab.4.right.0.0.2560.1440@120dpi" width="2458" height="408" />
    <size key="GridCell.Tab.4.bottom.0.0.2560.1440@120dpi" width="2458" height="408" />
    <size key="GridCell.Tab.5.left.0.0.2560.1440@120dpi" width="2458" height="408" />
    <size key="GridCell.Tab.5.center.0.0.2560.1440@120dpi" width="2458" height="408" />
    <size key="GridCell.Tab.5.right.0.0.2560.1440@120dpi" width="2458" height="408" />
    <size key="GridCell.Tab.5.bottom.0.0.2560.1440@120dpi" width="2458" height="408" />
    <size key="GridCell.Tab.6.left.0.0.2560.1440@120dpi" width="2458" height="408" />
    <size key="GridCell.Tab.6.center.0.0.2560.1440@120dpi" width="2458" height="408" />
    <size key="GridCell.Tab.6.right.0.0.2560.1440@120dpi" width="2458" height="408" />
    <size key="GridCell.Tab.6.bottom.0.0.2560.1440@120dpi" width="2458" height="408" />
    <size key="GridCell.Tab.0.left.2560.0.2560.1440@120dpi" width="2458" height="407" />
    <size key="GridCell.Tab.0.center.2560.0.2560.1440@120dpi" width="2458" height="407" />
    <size key="GridCell.Tab.0.right.2560.0.2560.1440@120dpi" width="2458" height="407" />
    <size key="GridCell.Tab.0.bottom.2560.0.2560.1440@120dpi" width="2458" height="407" />
    <size key="GridCell.Tab.1.left.2560.0.2560.1440@120dpi" width="2458" height="407" />
    <size key="GridCell.Tab.1.center.2560.0.2560.1440@120dpi" width="2458" height="407" />
    <size key="GridCell.Tab.1.right.2560.0.2560.1440@120dpi" width="2458" height="407" />
    <size key="GridCell.Tab.1.bottom.2560.0.2560.1440@120dpi" width="2458" height="407" />
    <size key="GridCell.Tab.2.left.2560.0.2560.1440@120dpi" width="2412" height="407" />
    <size key="GridCell.Tab.2.center.2560.0.2560.1440@120dpi" width="2412" height="407" />
    <size key="GridCell.Tab.2.right.2560.0.2560.1440@120dpi" width="2412" height="407" />
    <size key="GridCell.Tab.2.bottom.2560.0.2560.1440@120dpi" width="2412" height="407" />
    <size key="GridCell.Tab.3.left.2560.0.2560.1440@120dpi" width="2412" height="407" />
    <size key="GridCell.Tab.3.center.2560.0.2560.1440@120dpi" width="2412" height="407" />
    <size key="GridCell.Tab.3.right.2560.0.2560.1440@120dpi" width="2412" height="407" />
    <size key="GridCell.Tab.3.bottom.2560.0.2560.1440@120dpi" width="2412" height="407" />
    <size key="GridCell.Tab.4.left.2560.0.2560.1440@120dpi" width="2412" height="407" />
    <size key="GridCell.Tab.4.center.2560.0.2560.1440@120dpi" width="2412" height="407" />
    <size key="GridCell.Tab.4.right.2560.0.2560.1440@120dpi" width="2412" height="407" />
    <size key="GridCell.Tab.4.bottom.2560.0.2560.1440@120dpi" width="2412" height="407" />
    <size key="GridCell.Tab.5.left.2560.0.2560.1440@120dpi" width="2412" height="407" />
    <size key="GridCell.Tab.5.center.2560.0.2560.1440@120dpi" width="2412" height="407" />
    <size key="GridCell.Tab.5.right.2560.0.2560.1440@120dpi" width="2412" height="407" />
    <size key="GridCell.Tab.5.bottom.2560.0.2560.1440@120dpi" width="2412" height="407" />
    <size key="GridCell.Tab.6.left.2560.0.2560.1440@120dpi" width="2412" height="407" />
    <size key="GridCell.Tab.6.center.2560.0.2560.1440@120dpi" width="2412" height="407" />
    <size key="GridCell.Tab.6.right.2560.0.2560.1440@120dpi" width="2412" height="407" />
    <size key="GridCell.Tab.6.bottom.2560.0.2560.1440@120dpi" width="2412" height="407" />
    <size key="GridCell.Tab.0.left.0.0.2560.1440" width="2494" height="392" />
    <size key="GridCell.Tab.0.center.0.0.2560.1440" width="2494" height="392" />
    <size key="GridCell.Tab.0.right.0.0.2560.1440" width="2494" height="392" />
    <size key="GridCell.Tab.0.bottom.0.0.2560.1440" width="2494" height="392" />
    <size key="GridCell.Tab.1.left.0.0.2560.1440" width="2494" height="392" />
    <size key="GridCell.Tab.1.center.0.0.2560.1440" width="2494" height="392" />
    <size key="GridCell.Tab.1.right.0.0.2560.1440" width="2494" height="392" />
    <size key="GridCell.Tab.1.bottom.0.0.2560.1440" width="2494" height="392" />
    <size key="GridCell.Tab.2.left.0.0.2560.1440" width="2494" height="392" />
    <size key="GridCell.Tab.2.center.0.0.2560.1440" width="2494" height="392" />
    <size key="GridCell.Tab.2.right.0.0.2560.1440" width="2494" height="392" />
    <size key="GridCell.Tab.2.bottom.0.0.2560.1440" width="2494" height="392" />
    <size key="GridCell.Tab.3.left.0.0.2560.1440" width="2494" height="392" />
    <size key="GridCell.Tab.3.center.0.0.2560.1440" width="2494" height="392" />
    <size key="GridCell.Tab.3.right.0.0.2560.1440" width="2494" height="392" />
    <size key="GridCell.Tab.3.bottom.0.0.2560.1440" width="2494" height="392" />
    <size key="GridCell.Tab.4.left.0.0.2560.1440" width="2494" height="392" />
    <size key="GridCell.Tab.4.center.0.0.2560.1440" width="2494" height="392" />
    <size key="GridCell.Tab.4.right.0.0.2560.1440" width="2494" height="392" />
    <size key="GridCell.Tab.4.bottom.0.0.2560.1440" width="2494" height="392" />
    <size key="GridCell.Tab.5.left.0.0.2560.1440" width="2494" height="392" />
    <size key="GridCell.Tab.5.center.0.0.2560.1440" width="2494" height="392" />
    <size key="GridCell.Tab.5.right.0.0.2560.1440" width="2494" height="392" />
    <size key="GridCell.Tab.5.bottom.0.0.2560.1440" width="2494" height="392" />
    <size key="GridCell.Tab.6.left.0.0.2560.1440" width="2494" height="392" />
    <size key="GridCell.Tab.6.center.0.0.2560.1440" width="2494" height="392" />
    <size key="GridCell.Tab.6.right.0.0.2560.1440" width="2494" height="392" />
    <size key="GridCell.Tab.6.bottom.0.0.2560.1440" width="2494" height="392" />
    <size key="find.popup.0.0.2560.1440" width="890" height="792" />
    <size key="GridCell.Tab.0.left.2560.0.2560.1440" width="2494" height="406" />
    <size key="GridCell.Tab.0.center.2560.0.2560.1440" width="2494" height="406" />
    <size key="GridCell.Tab.0.right.2560.0.2560.1440" width="2494" height="406" />
    <size key="GridCell.Tab.0.bottom.2560.0.2560.1440" width="2494" height="406" />
  </component>
  <component name="WindowManager">
    <frame x="-8" y="-8" width="2570" height="1402" extendedState="6" />
  </component>
  <component name="WindowStateApplicationService">
    <state width="552" height="142" key="ShowUsagesActions.dimensionServiceKey" timestamp="1761311305292">
      <screen x="0" y="0" width="2560" height="1392" />
    </state>
    <state width="875" height="173" key="ShowUsagesActions.dimensionServiceKey.ideScale=125" timestamp="1756714847850">
      <screen x="0" y="0" width="2560" height="1392" />
    </state>
    <state width="875" height="173" key="ShowUsagesActions.dimensionServiceKey.ideScale=125/2560.0.2560.1392/0.0.2560.1392" timestamp="1756714847850" />
    <state width="552" height="142" key="ShowUsagesActions.dimensionServiceKey/2560.0.2560.1392/0.0.2560.1392" timestamp="1761311305292" />
    <state x="3415" y="422" width="800" height="650" key="WELCOME_SCREEN" timestamp="1761497687164">
      <screen x="2560" y="0" width="2560" height="1392" />
    </state>
    <state x="1280" y="599" width="1000" height="813" key="WELCOME_SCREEN.ideScale=125" timestamp="1756131804866">
      <screen x="0" y="0" width="2560" height="1392" />
    </state>
    <state x="1280" y="599" width="1000" height="813" key="WELCOME_SCREEN.ideScale=125/2560.0.2560.1392/0.0.2560.1392" timestamp="1756131804866" />
    <state x="3415" y="422" width="800" height="650" key="WELCOME_SCREEN/2560.0.2560.1392/0.0.2560.1392" timestamp="1761497687164" />
  </component>
</application>